id;nom;prenom;licence;telephone;email
1;Synergized;5th generation;Buckinghamshire coherent redundant;1-454-398-3858;Alessia89@yahoo.com
2;Incredible Concrete Bike;silver;Argentine Peso Senior analyzing;1-375-160-7141 x586;Angelita.Murray@yahoo.com
3;cultivate hybrid attitude-oriented;composite Trinidad and Tobago;Grocery EXE;063.920.5452;Audie2@hotmail.com
4;PNG payment magenta;Rhode Island;Rupiah;(559) 393-9813;Domingo.Gulgowski39@yahoo.com
5;RSS Quality-focused Solomon Islands Dollar;Central;Organic black Principal;222.357.8434;Creola43@gmail.com
6;Marketing;invoice envisioneer;convergence;(357) 695-6160 x58029;Kelsie_Carter49@gmail.com
7;Awesome Metal;Health Reactive multimedia;Planner motivating e-services;1-081-951-7197 x535;Favian2@hotmail.com
8;Reverse-engineered Iceland;Massachusetts Developer;Berkshire connecting Investment Account;(566) 782-9294 x65148;Allison_Gleason@yahoo.com
9;recontextualize;multi-byte;instruction set;935.917.1145;Lonzo34@yahoo.com
10;Branding Outdoors program;bypassing;blue;1-926-133-0384;Garrett_Halvorson@hotmail.com
